sample_id,split,tags,reason
BDD01,example,normal;edge,"Highway nhiều làn có ramp thoát với vùng gạch chéo (gore) bên phải — minh hoạ drivable_area gồm mọi làn cùng chiều và rule không vẽ polygon (IGNORE) ở vùng gore."
BDD10,example,normal,"Đường 2 chiều không dải phân cách, xe đậu 2 bên — ví dụ chuẩn phân biệt làn đậu xe (không vẽ, IGNORE) với mặt đường lưu thông (drivable_area cả 2 chiều)."
BDD11,example,normal,"Ngã tư khu dân cư có vạch qua đường ngay trước xe — ví dụ vạch qua đường vẫn tính là drivable_area, không tách polygon riêng."
BDD13,example,edge,"Làn giữa có vạch vàng gạch chéo (turn lane/keep-clear) — minh hoạ khi nào vẽ drivable_area và khi nào không vẽ gì (IGNORE)."
BDD02,calibration,normal;occlusion,"Taxi và bus che gần hết làn ego phía trước ở giao lộ đông đúc — đo mức đồng thuận khi áp dụng rule 'vẽ theo semantic surface, bỏ qua occlusion tạm thời do xe'."
BDD05,calibration,normal,"Highway nhiều làn, giao thông vừa phải, quang đãng — baseline để so lệch với các ảnh khó hơn trong cùng batch."
BDD12,calibration,edge;occlusion,"Đường phố đông xe, có lối vào trạm xăng bên phải — test rule không vẽ polygon (IGNORE) ở lối vào tư nhân."
BDD17,calibration,edge;low_visibility,"Trời mưa, mặt đường ướt phản chiếu đèn, vạch làn mờ — test ranh giới drivable_area khi visibility giảm."
BDD20,calibration,edge;conflict,"Có cọc tiêu và làn kẻ vạch riêng bên phải khu dân cư — test phân loại làn đó có vẽ drivable_area hay không vẽ gì (parking/bike lane)."
BDD22,calibration,edge;low_visibility;small_far,"Highway lúc hoàng hôn, ngược sáng, vạch làn ở xa mờ dần — test rule vẽ polygon thu nhỏ về phía xa (small/far) dưới ánh sáng yếu."
BDD07,blind,normal,"Giao lộ đô thị ban ngày rõ ràng, nhiều làn — case chuẩn để đối chiếu với các case khó khác trong blind set."
BDD26,blind,edge;ambiguity,"Đêm, có đảo giao thông nhỏ hình tam giác cạnh cột đèn tín hiệu — test rule không vẽ polygon (IGNORE) ở đảo phân làn."
BDD25,blind,edge;low_visibility,"Hoàng hôn, mặt đường phản chiếu ánh sáng, có biển báo làn xe đạp phía trước — test phân biệt vạch làn thật với phản chiếu và loại trừ làn xe đạp."
BDD18,blind,critical;low_visibility,"Ban đêm, vạch qua đường chiếm phần lớn khung hình gần, xe đậu 2 bên khuất ranh giới làn — rủi ro gán nhầm ranh giới drivable_area cạnh xe đậu."
BDD24,blind,critical;low_visibility;occlusion,"Tuyết chất đống lấn vào làn đường ở phố đông — rủi ro gán nhầm phần tuyết là drivable_area hoặc đánh giá sai bề rộng làn, đúng failure mode nghiêm trọng nhất theo downstream contract."
