sample_id,decision_id,expected,severity,kind,peer_evidence,correct,note
BDD02,d1,label=drivable_area includes the visible paved roadway continuing behind the temporarily occluding taxi/bus; no polygon on the vehicles,major,decision,drivable_area [needs_review=false]×4,1,peer kept the visible roadway through the temporary occlusion and did not draw over the taxi/bus; matches the dynamic occlusion rule.
BDD02,d2,geometry: polygon follows the visible roadway boundaries and continues behind the temporarily occluding taxi/bus only where the road direction and boundaries support it,major,geometry,drivable_area [needs_review=false]×4,1,polygon follows the road edge and continues through the occluded ground only where the visible geometry supports it.
BDD02,d3,IGNORE: do not include the taxi/bus bodies or sidewalk in drivable_area,major,decision,drivable_area [needs_review=false]×4,1,correctly ignores vehicle bodies and sidewalk; only the paved roadway remains in drivable_area.
BDD13,d1,IGNORE: no drivable_area polygon over the yellow hatched turn-lane/keep-clear region; label the adjacent legal traffic lanes,critical,decision,drivable_area [needs_review=false],0,peer included the hatched keep-clear area in drivable_area; gold requires excluding it and labeling the legal lanes on either side instead.
BDD13,d2,geometry: polygon boundary follows the visible edge of the yellow hatching and does not cross into the hatched region,major,geometry,drivable_area [needs_review=false],0,geometry crosses the yellow hatch edge instead of stopping at the visible hatching boundary.
BDD13,d3,label=drivable_area covers the visible legal paved lanes on both sides of the hatched region,major,decision,drivable_area [needs_review=false],0,peer merged the excluded hatched center into the road polygon; the legal lanes on both sides must remain separate from the keep-clear zone.
BDD26,d1,IGNORE: do not draw drivable_area over the triangular traffic island; label the surrounding visible roadway,major,decision,drivable_area [needs_review=false],0,peer drew over the island area instead of leaving the triangular island outside drivable_area.
BDD26,d2,geometry: polygon boundary follows the visible edge of the traffic island and leaves the island outside drivable_area; set needs_review=true only if that edge is genuinely indeterminate,major,geometry,drivable_area [needs_review=false],0,polygon boundary fails to stop at the island; the geometry should follow the island edge and not cross into the excluded island.
BDD24,d1,IGNORE: exclude the snowbank piled into the traffic lane from drivable_area,critical,decision,drivable_area [needs_review=false]×4,0,peer treated the snowbank piled into the lane as traversable road; gold excludes the piled snow from drivable_area.
BDD24,d2,geometry: polygon stops at the visible outer edge of the snowbank and does not extend across the piled snow,critical,geometry,drivable_area [needs_review=false]×4,0,geometry continues across the piled snow instead of stopping at the visible outer edge of the snowbank.
